<?xml version="1.0" encoding="UTF-8"?>
<GenRun Id="pll_example_synth_1" LaunchPart="xc7a200tfbg676-2" LaunchTime="1733898245">
  <File Type="PA-TCL" Name="pll_example.tcl"/>
  <File Type="REPORTS-TCL" Name="pll_example_reports.tcl"/>
  <File Type="RDS-RDS" Name="pll_example.vds"/>
  <File Type="RDS-UTIL" Name="pll_example_utilization_synth.rpt"/>
  <File Type="RDS-UTIL-PB" Name="pll_example_utilization_synth.pb"/>
  <File Type="RDS-DCP" Name="pll_example.dcp"/>
  <FileSet Name="sources" Type="BlockSrcs" RelSrcDir="$PSRCDIR/pll_example">
    <File Path="$PSRCDIR/sources_1/ip/pll_example/pll_example.xci">
      <FileInfo>
        <Attr Name="UsedIn" Val="synthesis"/>
        <Attr Name="UsedIn" Val="implementation"/>
        <Attr Name="UsedIn" Val="simulation"/>
      </FileInfo>
    </File>
    <Config>
      <Option Name="TopModule" Val="pll_example"/>
      <Option Name="UseBlackboxStub" Val="1"/>
    </Config>
  </FileSet>
  <FileSet Name="constrs_in" Type="BlockSrcs" RelSrcDir="$PSRCDIR/pll_example">
    <File Path="$PSRCDIR/sources_1/ip/pll_example/pll_example.xci">
      <FileInfo>
        <Attr Name="UsedIn" Val="synthesis"/>
        <Attr Name="UsedIn" Val="implementation"/>
        <Attr Name="UsedIn" Val="simulation"/>
      </FileInfo>
    </File>
    <Config>
      <Option Name="TopModule" Val="pll_example"/>
      <Option Name="UseBlackboxStub" Val="1"/>
    </Config>
  </FileSet>
  <FileSet Name="utils" Type="Utils" RelSrcDir="$PSRCDIR/utils_1">
    <Filter Type="Utils"/>
    <Config>
      <Option Name="TopAutoSet" Val="TRUE"/>
    </Config>
  </FileSet>
  <Strategy Version="1" Minor="2">
    <StratHandle Name="Vivado Synthesis Defaults" Flow="Vivado Synthesis 2019"/>
    <Step Id="synth_design"/>
  </Strategy>
</GenRun>
